{
  "master_volume": 0.8666666666666667,
  "music_volume": 0.3380952380952381,
  "sfx_volume": 0.4523809523809524,
  "muted": false
}